CustomerID,Recency,Frequency,Monetary
AA-10315,8,42,13747.413
AA-10375,6,42,5884.195
AA-10480,125,38,17695.58978
AA-10645,28,73,15343.8907
AA-315,2,8,2243.256
AA-375,253,13,654.492
AA-480,314,10,2063.493
AA-645,51,18,1968.324
AB-10015,16,77,20037.4975
AB-10060,42,57,18416.5504
AB-10105,27,62,22966.78
AB-10150,35,47,13057.2946
AB-10165,13,52,11649.265
AB-10255,5,53,10786.7164
AB-105,43,15,2156.4
AB-10600,50,38,13318.6631
AB-15,412,12,4607.13
AB-150,398,8,3143.88
AB-165,16,8,1399.776
AB-255,43,15,4679.502
AB-60,35,11,1770.228
AB-600,7,26,5408.55
AC-10420,6,40,10607.6947
AC-10450,5,29,16126.3904
AC-10615,6,65,12729.72448
AC-10660,2,35,6255.61908
AC-420,13,21,1689.675
AC-450,181,10,1026.597
AC-615,92,18,2298.432
AC-660,119,8,2676.09
AD-10180,29,47,17858.5048
AD-180,5,8,681.288
AF-10870,6,81,26487.2585
AF-10885,53,70,19711.16728
AF-870,5,17,1700.082
AF-885,167,6,354.99
AG-10270,40,51,10637.40422
AG-10300,2,41,13013.8762
AG-10330,8,67,14534.50618
AG-10390,114,43,8453.0096
AG-10495,78,62,15380.31006
AG-10525,12,31,8468.963
AG-10675,47,52,13023.836
AG-10765,28,44,9824.7795
AG-10900,57,65,18174.17176
AG-270,13,16,2779.806
AG-300,98,17,1703.31
AG-330,2,10,532.545
AG-390,112,10,473.112
AG-495,48,16,1003.992
AG-525,15,13,2870.676
AG-675,173,25,2368.131
AG-765,114,14,1859.532
AG-900,23,10,1699.47
AH-10030,12,44,14439.49784
AH-10075,2,64,18109.86142
AH-10120,60,46,9927.83588
AH-10195,49,60,12628.19178
AH-10210,6,66,20365.74018
AH-10465,70,32,8547.83068
AH-10585,21,32,9125.8911
AH-10690,30,66,16276.16112
AH-120,21,8,1478.082
AH-195,278,17,2651.565
AH-210,457,8,3277.11
AH-30,468,12,6320.016
AH-465,241,7,650.826
AH-585,75,17,2232.222
AH-690,58,10,1817.898
AH-75,37,20,3608.34
AI-10855,13,40,8358.6023
AI-855,203,10,919.974
AJ-10780,48,52,15186.0672
AJ-10795,62,51,8887.077
AJ-10945,28,41,11087.024
AJ-10960,48,38,8633.59348
AJ-780,1,27,2570.994
AJ-795,36,26,3395.58
AJ-945,104,15,4860.924
AJ-960,294,22,4629.156
AM-10360,15,65,16730.3296
AM-10705,25,71,24218.5645
AM-360,175,12,2035.827
AM-705,136,8,1303.77
AO-10810,36,53,14537.7966
AO-810,7,7,485.007
AP-10720,41,52,15362.0613
AP-10915,76,69,15877.8603
AP-720,37,11,999.699
AP-915,92,18,2668.08
AR-10345,29,48,14165.7962
AR-10405,54,43,8956.82078
AR-10510,14,55,14277.88536
AR-10540,6,22,7983.9505
AR-10570,2,33,9445.64932
AR-10825,22,59,15311.0356
AR-345,141,16,2301.072
AR-405,222,7,571.11
AR-510,104,15,2638.638
AR-540,221,13,561.6
AR-570,70,17,2044.278
AR-825,33,13,2028.912
AS-10045,23,47,12596.2944
AS-10090,15,64,15009.47272
AS-10135,41,35,7307.2442
AS-10225,12,62,21366.8987
AS-10240,12,57,9006.66636
AS-10285,18,53,16179.86246
AS-10630,35,31,9815.9395
AS-135,92,9,3978.81
AS-225,2,11,469.515
AS-240,498,6,1686.51
AS-285,99,24,4938.462
AS-45,233,13,1616.334
AS-630,33,24,2000.01
AS-90,21,7,435.204
AT-10435,12,40,13654.3055
AT-10735,2,49,12984.1049
AT-435,28,25,1287.993
AT-735,69,6,403.65
AW-10840,16,60,13200.25552
AW-10930,35,39,10230.95856
AW-840,56,18,1947
AW-930,37,10,782.055
AY-10555,14,30,5446.61044
AY-555,35,20,3096.42
AZ-10750,70,42,9639.801
AZ-750,26,26,2231.277
BB-10990,14,54,9064.5327
BB-11545,28,57,15797.57188
BB-1545,49,6,207.228
BB-990,50,8,822.288
BC-11125,33,73,14789.447
BC-1125,29,14,396.042
BD-11320,5,52,13390.267
BD-11500,19,41,13089.8495
BD-11560,7,30,9356.77974
BD-11605,97,42,9202.66214
BD-11620,49,40,7849.00002
BD-11635,9,47,11230.6983
BD-11725,4,52,10877.827
BD-11770,35,48,10168.32526
BD-1320,5,17,1885.05
BD-1500,398,3,52.047
BD-1560,90,6,1564.02
BD-1605,275,6,689.64
BD-1620,117,27,2919.597
BD-1635,324,21,5689.263
BD-1725,100,24,5078.4
BD-1770,238,16,3405.066
BE-11335,35,94,27158.0184
BE-11410,84,50,16552.06996
BE-11455,3,64,17643.5253
BE-1335,572,8,1321.149
BE-1410,21,10,1859.859
BE-1455,146,5,1340.31
BF-1005,734,5,732.033
BF-1020,96,16,3006.996
BF-1080,209,15,3808.17
BF-10975,35,42,8104.7792
BF-11005,8,64,23347.83866
BF-11020,15,46,10201.2813
BF-11080,25,40,10134.5617
BF-11170,16,78,22314.84044
BF-11215,26,54,12968.9385
BF-11275,6,46,9578.59864
BF-1170,193,8,904.92
BF-1215,117,8,398.919
BF-1275,128,12,1009.974
BF-975,22,20,1730.232
BG-1035,600,1,124.416
BG-11035,28,66,19899.1474
BG-11695,9,39,10723.32038
BG-11740,6,43,14689.3425
BG-1695,44,10,488.85
BG-1740,16,13,692.454
BH-11710,23,70,23537.335
BH-1710,93,27,4583.286
BK-11260,26,57,13294.68736
BK-1260,40,7,291.564
BM-11140,8,67,25312.2927
BM-1140,13,11,1857.69
BM-11575,34,42,10351.33308
BM-11650,33,64,14920.99608
BM-11785,2,68,18446.8529
BM-1575,40,13,1703.982
BM-1650,481,14,2537.106
BM-1785,48,16,2244.342
BN-11470,11,57,23378.10388
BN-11515,9,56,10272.22552
BN-1470,22,13,2823.852
BN-1515,27,9,2606.802
BO-11350,111,34,7476.2547
BO-11425,5,43,12356.58552
BO-1350,21,13,616.236
BO-1425,1,14,2671.257
BP-1050,11,20,4981.542
BP-1095,11,15,1759.668
BP-11050,5,37,5403.78676
BP-11095,2,55,8327.8696
BP-11155,32,47,13696.14346
BP-11185,1,55,15376.03172
BP-11230,39,42,12573.6136
BP-11290,12,50,12448.89978
BP-1155,261,11,1110.78
BP-1185,4,19,1430.616
BP-1230,83,25,6134.988
BP-1290,369,5,383.34
BS-11365,0,60,22551.02596
BS-11380,28,59,18305.9783
BS-11590,35,50,11358.58602
BS-11665,29,50,17468.881
BS-11755,1,71,17557.4595
BS-11800,9,44,10887.2118
BS-1365,37,8,957.63
BS-1380,131,7,469.458
BS-1590,237,8,819.45
BS-1665,152,21,5101.908
BS-1755,295,12,1679.76
BS-1800,11,25,6364.854
BT-11305,28,52,10321.82
BT-11395,28,44,11347.529
BT-11440,51,33,8263.9755
BT-11485,30,52,8878.05054
BT-11530,33,44,13808.318
BT-11680,18,52,14087.7631
BT-1305,31,18,1305.96
BT-1395,33,6,448.848
BT-1440,93,20,2132.565
BT-1485,97,13,2803.974
BT-1530,352,11,1535.781
BT-1680,57,6,807.36
BV-11245,44,53,20681.678
BV-1245,128,8,684.264
BW-1065,22,10,9027.48
BW-11065,50,41,8409.0559
BW-1110,184,15,1696.83
BW-11110,54,81,30613.6165
BW-11200,40,54,11862.36908
BW-1200,133,14,3105.816
CA-11965,18,41,21110.5214
CA-12055,13,44,10691.028
CA-12265,34,59,18472.6689
CA-12310,13,36,7166.23086
CA-12775,93,49,18350.464
CA-1965,127,16,2883.141
CA-2055,258,12,1601.73
CA-2265,105,10,3364.638
CA-2310,336,7,636.06
CA-2775,309,12,1485.897
CB-12025,9,50,11685.3186
CB-12415,26,44,12705.54736
CB-12535,42,66,18108.67284
CB-2025,22,9,1840.89
CB-2415,516,5,1232.568
CB-2535,7,6,147.12
CC-12100,51,50,11500.12324
CC-12145,82,46,12190.6666
CC-12220,20,56,7308.7328
CC-12370,43,55,28229.8514
CC-12430,0,55,13997.59256
CC-12475,16,59,17159.80046
CC-12550,27,48,7908.65034
CC-12610,16,55,16822.64
CC-12670,16,53,9969.0279
CC-12685,54,44,12798.5442
CC-2100,60,8,1020.048
CC-2145,504,13,1158.18
CC-2220,21,31,4174.182
CC-2370,6,18,6957.225
CC-2430,471,5,1041.57
CC-2475,55,15,3709.881
CC-2550,271,12,1433.4
CC-2610,344,6,782.388
CC-2670,146,14,1527.582
CC-2685,131,11,4019.412
CD-11920,2,62,18296.7474
CD-11980,1,56,11848.16246
CD-12280,41,68,16779.54838
CD-12790,76,51,13468.1145
CD-1920,314,8,1821.219
CD-1980,6,12,1380.228
CD-2280,12,14,1205.04
CD-2790,131,17,1030.788
CG-12040,21,28,3596.268
CG-12520,28,42,13545.47002
CG-2040,378,7,518.94
CG-2520,119,10,1116.204
CH-12070,89,44,11122.55656
CH-2070,306,26,4545.618
CJ-11875,13,42,12538.83296
CJ-12010,33,54,19356.0046
CJ-1875,32,14,1431.432
CJ-2010,46,4,223.56
CK-12205,4,83,13625.20784
CK-12325,61,52,9927.89832
CK-12595,43,71,16480.86618
CK-12760,57,42,6574.8044
CK-2205,79,13,950.697
CK-2325,0,15,3125.295
CK-2595,215,8,662.28
CK-2760,37,27,4015.95
CL-11890,13,48,17622.41136
CL-12565,5,65,17008.13588
CL-12700,8,63,17943.6508
CL-1890,92,12,560.745
CL-2565,42,14,2775.636
CL-2700,141,6,1432.374
CM-11815,40,40,14362.8004
CM-11830,6,54,16828.819
CM-11935,36,34,9689.0124
CM-12115,8,38,14657.9493
CM-12160,26,44,17910.03942
CM-12190,0,48,11375.05222
CM-12235,42,37,11377.591
CM-12385,37,51,21882.96992
CM-12445,15,49,11971.70808
CM-12655,27,35,14188.72268
CM-12715,41,41,8392.5789
CM-1815,61,6,431.874
CM-1830,113,23,4777.407
CM-1935,48,8,459.294
CM-2115,20,5,1907.37
CM-2160,49,11,2245.92
CM-2190,152,7,1451.49
CM-2235,51,7,243.03
CM-2385,574,5,580.614
CM-2445,348,9,1741.578
CM-2655,50,19,1389.834
CM-2715,117,13,2838.264
CP-12085,69,43,14183.8819
CP-12340,8,63,20109.46928
CP-2085,142,22,5585.7
CP-2340,463,19,5044.65
CR-12580,22,34,8700.3125
CR-12625,43,54,17271.20568
CR-12730,22,58,19487.96376
CR-12820,60,43,14470.55056
CR-2580,34,7,3057.264
CR-2625,139,23,5079.897
CR-2730,5,19,1359.576
CR-2820,55,11,1188.012
CS-11845,15,47,20471.0526
CS-11860,77,41,10555.92482
CS-11950,25,62,14222.97134
CS-12130,11,43,10981.231
CS-12175,60,54,16706.0963
CS-12250,26,69,12496.1053
CS-12355,6,50,9240.897
CS-12400,1,44,10221.36436
CS-12460,6,56,20084.21728
CS-12490,2,52,11110.4965
CS-12505,27,30,11535.2464
CS-1845,24,21,1593.312
CS-1860,50,19,1618.674
CS-1950,135,6,714.072
CS-2130,305,5,1367.268
CS-2175,57,8,3340.098
CS-2250,2,12,1917.624
CS-2355,55,16,1307.16
CS-2400,11,9,2293.17
CS-2460,202,14,2671.227
CS-2490,169,10,1664.13
CS-2505,50,12,1894.5
CT-11995,28,49,13715.79704
CT-1995,783,3,422.778
CV-12295,39,42,9042.26818
CV-12805,4,40,9764.1306
CV-2295,85,18,1283.241
CV-2805,257,14,5088.852
CW-11905,8,48,12917.6316
CW-1905,384,7,1436.31
CY-12745,60,54,13928.4683
CY-2745,492,6,293.034
Co-12640,4,55,12279.23076
Co-2640,362,13,767.637
DA-13450,13,51,13035.36826
DA-3450,14,9,2212.05
DB-12910,2,49,12338.2837
DB-12970,217,23,9166.2092
DB-13060,16,54,23476.91166
DB-13120,5,28,5602.59462
DB-13210,7,62,13743.5959
DB-13270,9,48,11690.3695
DB-13360,47,45,6919.81436
DB-13405,28,49,16083.95666
DB-13555,36,45,9415.2204
DB-13615,27,50,10031.4568
DB-13660,12,35,11397.06484
DB-2910,54,16,3051.18
DB-2970,57,8,513.03
DB-3060,8,16,2070.258
DB-3120,358,6,671.232
DB-3210,582,11,387.021
DB-3270,48,10,886.23
DB-3360,434,7,3691.53
DB-3405,557,2,548.682
DB-3555,5,4,971.112
DB-3615,107,8,2824.152
DB-3660,237,7,2207.712
DC-12850,37,59,9307.3655
DC-13285,18,48,16164.6499
DC-2850,34,18,4131.144
DC-3285,392,6,800.004
DD-13570,41,51,8741.4648
DD-3570,63,15,2331.414
DE-13255,19,42,10085.79
DE-3255,48,13,2714.49
DF-13135,9,39,10240.3839
DF-3135,43,13,1301.652
DG-13300,30,52,13731.428
DG-3300,14,12,2982.312
DH-13075,75,56,14128.6781
DH-13675,21,30,7817.3085
DH-3075,159,27,2063.682
DH-3675,20,24,4661.844
DJ-13420,22,58,22142.43114
DJ-13510,6,69,15420.2879
DJ-13630,12,47,12560.13
DJ-3420,1,5,419.64
DJ-3510,6,9,5976.69
DJ-3630,34,7,1293.948
DK-12835,21,68,17590.5547
DK-12895,45,53,18340.62916
DK-12985,1,63,14823.9685
DK-13090,8,61,19178.6392
DK-13150,10,39,15983.711
DK-13225,1,45,9246.4686
DK-13375,4,61,16258.534
DK-2835,21,18,3373.143
DK-2895,146,17,1292.13
DK-2985,1206,1,81.432
DK-3090,68,3,273.768
DK-3150,57,19,1577.874
DK-3225,65,11,1407.984
DK-3375,117,15,3846.78
DL-12865,57,55,11185.7181
DL-12925,57,53,11364.6808
DL-13315,18,65,18505.6005
DL-13330,12,70,16781.631
DL-13495,22,46,15872.184
DL-2865,202,13,1502.964
DL-2925,37,19,831.996
DL-3315,47,11,1746.87
DL-3330,705,5,1159.35
DL-3495,282,10,773.604
DM-12955,40,57,19862.57592
DM-13015,5,54,15626.5318
DM-13345,2,47,17054.8905
DM-13525,35,38,9640.38168
DM-2955,12,19,2437.407
DM-3015,2,12,2105.79
DM-3345,145,12,4998.42
DM-3525,321,14,2191.266
DN-13690,19,40,13098.338
DN-3690,12,20,1815.954
DO-13435,64,58,15280.8855
DO-13645,26,59,12083.48092
DO-3435,36,25,3515.73
DO-3645,41,9,1689.252
DP-13000,61,67,13882.7624
DP-13105,6,49,18930.0322
DP-13165,7,55,22211.28212
DP-13390,0,43,10282.7912
DP-3000,14,15,2093.61
DP-3105,64,13,6970.716
DP-3165,7,13,1517.952
DP-3390,12,14,1376.13
DR-12880,3,67,14415.3383
DR-12940,27,71,25641.46492
DR-2880,4,17,2291.463
DR-2940,39,14,2288.4
DS-13030,93,61,11644.2965
DS-13180,14,57,13447.412
DS-3030,48,7,1636.512
DS-3180,71,6,185.136
DV-13045,19,59,18106.01292
DV-13465,29,51,12910.87688
DV-3045,33,35,4640.319
DV-3465,13,12,4037.82
DW-13195,6,45,9689.3171
DW-13480,65,63,16336.8556
DW-13540,12,51,13166.415
DW-13585,5,69,12143.0436
DW-3195,1063,11,1241.226
DW-3480,55,25,7118.106
DW-3540,54,11,1216.587
DW-3585,28,5,461.874
Dl-13600,5,40,11912.7634
Dl-3600,111,18,2809.056
Dp-13240,18,72,22225.61032
Dp-3240,25,9,609.3
EA-14035,93,69,11387.06772
EA-4035,165,3,131.808
EB-13705,48,53,12382.2841
EB-13750,32,38,8489.991
EB-13840,2,44,20188.15894
EB-13870,15,29,6850.9837
EB-13930,19,31,9533.9519
EB-13975,0,65,13405.6013
EB-14110,35,46,13665.4673
EB-14170,19,39,6736.4391
EB-3705,398,12,3141.63
EB-3750,184,11,939.153
EB-3840,43,13,1797.738
EB-3870,497,6,184.872
EB-3930,7,17,2433.516
EB-3975,35,12,2713.62
EB-4110,20,18,2417.757
EB-4170,54,8,1267.62
EC-14050,53,34,4430.2361
EC-4050,162,24,2301.315
ED-13885,15,62,18018.879
ED-3885,56,14,525.474
EG-13900,22,35,16562.35068
EG-3900,51,28,6549.951
EH-13765,2,70,20259.916
EH-13945,57,52,7832.68602
EH-13990,44,40,8807.0846
EH-14005,2,44,10374.9381
EH-14125,102,59,17408.31362
EH-14185,67,46,12800.51382
EH-3765,128,14,1010.382
EH-3945,111,19,2518.74
EH-3990,33,11,672.489
EH-4005,196,13,2629.674
EH-4125,22,27,5012.22
EH-4185,121,15,3577.77
EJ-13720,49,35,8969.44
EJ-14155,27,40,12324.8446
EJ-3720,156,10,1727.964
EJ-4155,22,9,2631.99
EK-13795,44,22,5597.3462
EK-3795,212,14,1531.083
EL-13735,53,40,10515.862
EL-3735,26,31,3691.392
EM-13810,78,41,13549.72804
EM-13825,55,51,14128.07816
EM-13960,2,85,25228.52948
EM-14065,16,42,12108.30958
EM-14095,8,40,10889.6997
EM-14140,24,79,21507.29126
EM-14200,41,57,17087.77766
EM-3810,58,13,1032.879
EM-3825,482,13,378.258
EM-3960,194,15,2855.874
EM-4065,52,20,3213.246
EM-4095,131,21,2833.56
EM-4140,93,15,1900.791
EM-4200,151,9,2585.898
EN-13780,14,34,6333.9164
EN-3780,205,12,734.856
EP-13915,12,65,16283.35774
EP-3915,75,7,487.95
ER-13855,69,33,13396
ER-3855,53,20,3736.296
ES-14020,0,55,12827.27294
ES-14080,28,58,16236.0058
ES-4020,28,12,1892.778
ES-4080,145,16,1925.544
FA-14230,22,56,13535.0628
FA-4230,184,6,814.572
FC-14245,42,43,10867.8088
FC-14335,107,42,8770.73964
FC-4245,491,8,1540.638
FC-4335,110,9,550.95
FG-14260,34,33,9396.5055
FG-4260,110,11,308.211
FH-14275,4,43,13569.566
FH-14350,1,39,10654.52882
FH-14365,1,70,27649.32652
FH-4275,134,5,113.064
FH-4350,14,3,110.481
FH-4365,166,12,2751.348
FM-14215,7,55,14353.3978
FM-14290,36,61,14382.31922
FM-14380,145,33,6598.3977
FM-4215,96,14,2935.614
FM-4290,2,16,2002.71
FM-4380,1,13,843.54
FO-14305,22,71,15614.2155
FO-4305,51,14,2158.446
FP-14320,23,50,9939.0502
FP-4320,27,5,816.582
FW-14395,63,59,16972.7481
FW-4395,0,13,1220.811
GA-14515,22,46,12488.67232
GA-14725,2,55,8817.5455
GA-4515,35,12,1318.389
GA-4725,70,9,1460.796
GB-14530,33,48,11657.753
GB-14575,13,53,10748.99238
GB-4530,113,8,525.9
GB-4575,209,13,1821.912
GD-14590,5,49,18005.0006
GD-4590,352,7,700.692
GG-14650,33,69,12902.96276
GG-4650,103,6,1000.422
GH-14410,20,65,13659.59598
GH-14425,18,80,20039.763
GH-14485,51,43,14692.6742
GH-14665,2,47,12921.45162
GH-4410,297,11,1610.22
GH-4425,21,22,4585.83
GH-4485,85,7,794.622
GH-4665,1,18,1077.069
GK-14620,12,57,19215.7699
GK-4620,100,8,764.601
GM-14440,19,47,15782.46188
GM-14455,16,36,10523.649
GM-14500,106,36,6704.18562
GM-14680,1,60,12010.60944
GM-14695,47,53,14564.942
GM-4440,1,11,735.216
GM-4455,208,7,488.43
GM-4500,104,11,4298.37
GM-4680,72,14,1590.402
GM-4695,222,11,791.502
GP-14740,1,51,10793.729
GP-4740,151,23,4610.103
GR-14560,49,48,8895.05754
GR-4560,153,14,4955.529
GT-14635,56,39,19080.34784
GT-14710,8,74,34471.89028
GT-14755,34,48,5601.70652
GT-4635,9,9,1145.01
GT-4710,55,13,1079.064
GT-4755,0,14,3457.578
GW-14605,18,43,16239.4915
GW-4605,14,14,1830.789
GZ-14470,7,58,20869.699
GZ-14545,76,44,11593.7308
GZ-4470,147,20,3835.626
GZ-4545,30,8,3698.388
HA-14905,69,52,15826.81444
HA-14920,20,54,9740.3981
HA-4905,13,10,1106.604
HA-4920,90,9,670.674
HD-14785,42,62,16749.1402
HD-4785,106,19,3325.608
HE-14800,6,57,9902.49522
HE-4800,36,14,1091.322
HF-14995,14,59,9712.8699
HF-4995,390,18,2099.973
HG-14845,12,77,21228.55452
HG-14965,23,63,16810.6866
HG-15025,6,52,14737.8066
HG-4845,141,24,2987.898
HG-4965,99,8,354.588
HG-5025,23,15,1476.612
HH-15010,54,52,13731.73782
HH-5010,196,5,1497.57
HJ-14875,5,59,14312.7962
HJ-4875,310,9,1121.22
HK-14890,43,53,13886.4431
HK-4890,56,7,1656.966
HL-15040,30,47,29664.23058
HL-5040,188,6,579.336
HM-14860,1,79,27434.1676
HM-14980,25,57,12718.7916
HM-4860,34,6,1042.77
HM-4980,464,7,4409.298
HP-14815,30,37,7321.4395
HP-4815,63,8,1196.682
HR-14770,13,44,11126.929
HR-14830,51,39,9637.15436
HR-4770,187,17,4550.322
HR-4830,148,5,391.938
HW-14935,34,56,17199.202
HW-4935,56,10,1174.824
HZ-14950,35,45,9656.4048
HZ-4950,208,12,2830.416
IG-15085,13,49,10383.13098
IG-5085,1,28,5766.243
IL-15100,116,48,11802.69376
IL-5100,163,16,1052.808
IM-15055,15,26,5154.83976
IM-15070,40,68,17854.10112
IM-5055,19,13,4324.95
IM-5070,50,14,2064.066
JA-15970,0,59,17105.4707
JA-5970,0,17,1057.227
JB-15400,7,62,13085.5039
JB-15925,9,48,12325.28696
JB-16000,1,68,22127.18112
JB-16045,0,40,13851.27568
JB-5400,82,11,2172.03
JB-5925,22,11,1012.092
JB-6000,174,16,1881.006
JB-6045,28,17,3235.656
JC-15340,34,62,17836.2846
JC-15385,8,54,12978.93092
JC-15775,1,42,10582.78504
JC-16105,57,49,11079.10488
JC-5340,142,11,606.105
JC-5385,15,21,3183.075
JC-5775,13,11,1712.487
JC-6105,102,14,3914.94
JD-15790,15,37,10267.74976
JD-15895,6,66,16711.32422
JD-16015,48,49,8690.6293
JD-16060,65,32,7683.04096
JD-16150,0,54,18281.84948
JD-5790,299,11,1323.072
JD-5895,2,20,2770.434
JD-6015,42,18,2652.78
JD-6060,140,16,3541.44
JD-6150,21,17,5329.77
JE-15475,35,32,5905.076
JE-15610,42,52,13192.6924
JE-15715,9,74,22275.2689
JE-15745,32,70,19629.12896
JE-16165,20,38,8352.71836
JE-5475,27,11,914.178
JE-5610,175,12,756.855
JE-5715,86,8,180.3
JE-5745,194,17,2275.5
JE-6165,36,15,4555.716
JF-15190,6,60,17064.7075
JF-15295,56,58,20382.2503
JF-15355,13,41,7343.566
JF-15415,2,49,14717.46588
JF-15490,4,45,9234.53286
JF-15565,1,60,19844.14866
JF-5190,149,14,3510.168
JF-5295,63,15,2433.942
JF-5355,96,23,3475.764
JF-5415,37,17,8227.02
JF-5490,99,12,1487.385
JF-5565,420,18,3776.7
JG-15115,68,42,12801.82588
JG-15160,1,65,19963.41
JG-15310,2,49,12733.7039
JG-15805,0,90,22015.3862
JG-5115,5,20,2907.678
JG-5160,16,18,1588.116
JG-5310,43,6,836.994
JG-5805,133,5,208.38
JH-15430,5,63,11806.1963
JH-15820,13,68,23586.7205
JH-15910,41,63,12532.7177
JH-15985,11,68,18863.4044
JH-16180,50,62,18267.0064
JH-5430,7,15,883.476
JH-5820,42,15,2359.011
JH-5910,40,18,4013.994
JH-5985,52,17,2073.48
JH-6180,27,19,5651.895
JJ-15445,33,33,9696.8474
JJ-15760,2,62,18103.64108
JJ-5445,19,8,2490.204
JJ-5760,268,21,1890.126
JK-15205,61,42,10917.0012
JK-15325,77,58,17000.84332
JK-15370,1,56,10189.51404
JK-15625,1,51,12754.4081
JK-15640,0,37,12637.4495
JK-15730,48,69,20825.892
JK-16090,8,75,21918.73684
JK-16120,97,51,13134.71664
JK-5205,591,8,1617.6
JK-5325,460,4,203.388
JK-5370,144,11,3211.452
JK-5625,316,18,4364.763
JK-5640,173,6,428.43
JK-5730,483,22,5862.87
JK-6090,12,8,1215.516
JK-6120,140,14,2513.07
JL-15130,8,59,12908.49914
JL-15175,6,45,13499.87246
JL-15235,13,60,18725.38964
JL-15505,30,43,8631.695
JL-15835,21,63,22594.043
JL-15850,44,38,8497.68
JL-5130,197,24,5765.4
JL-5175,124,8,1353.09
JL-5235,1,9,1751.712
JL-5505,341,5,2729.34
JL-5835,54,9,3388.275
JL-5850,697,12,2003.598
JM-15250,35,54,15594.46182
JM-15265,37,69,15036.5537
JM-15535,14,41,6942.403
JM-15580,0,52,13295.857
JM-15655,8,68,16294.72706
JM-15865,68,66,20841.9465
JM-16195,57,43,7825.5646
JM-5250,6,13,2424.201
JM-5265,120,8,1131.912
JM-5535,243,10,847.827
JM-5580,49,6,880.323
JM-5655,122,16,3602.67
JM-5865,70,13,1544.268
JM-6195,12,10,1200.492
JO-15145,57,39,10440.976
JO-15280,14,35,7123.5651
JO-15550,71,34,4002.894
JO-5145,5,12,2904.714
JO-5280,19,9,1694.85
JO-5550,12,19,4203.78
JP-15460,36,57,10916.36982
JP-15520,8,64,16429.04996
JP-16135,43,55,10163.5086
JP-5460,188,21,3294.018
JP-5520,112,10,2227.524
JP-6135,26,21,4432.65
JR-15670,12,32,13338.0916
JR-15700,7,28,9568.31976
JR-16210,18,46,12589.959
JR-5670,128,16,2585.034
JR-5700,13,8,1673.163
JR-6210,37,11,1033.29
JS-15595,5,35,9334.6385
JS-15685,40,61,14338.5195
JS-15880,11,32,10443.1001
JS-15940,5,25,3874.766
JS-16030,21,63,19218.81298
JS-5595,679,14,806.691
JS-5685,142,8,1944.06
JS-5880,208,10,1745.997
JS-5940,23,28,2927.34
JS-6030,218,7,1573.038
JW-15220,12,61,23103.7263
JW-15955,5,56,10640.8287
JW-16075,1,53,19852.773
JW-5220,100,14,7184.724
JW-5955,106,4,307.8
JW-6075,266,8,747.21
KA-16525,16,75,17449.90012
KA-6525,93,11,1429.884
KB-16240,4,38,9900.698
KB-16315,2,66,14542.76228
KB-16405,19,63,13786.0925
KB-16585,93,64,16385.7495
KB-16600,1,42,10295.9567
KB-6240,201,17,1945.32
KB-6315,22,27,2957.715
KB-6405,387,5,238.548
KB-6585,371,2,216.78
KB-6600,9,14,1167.738
KC-16255,44,45,9321.9643
KC-16540,41,46,18897.13026
KC-16675,2,49,13531.28104
KC-6255,57,18,1094.358
KC-6540,33,9,505.893
KC-6675,19,4,391.842
KD-16270,36,62,23204.2675
KD-16345,41,32,11157.0404
KD-16495,46,68,24996.5031
KD-16615,75,53,12348.44362
KD-6270,811,2,813.06
KD-6345,57,7,536.46
KD-6495,398,10,1454.76
KD-6615,186,3,205.98
KE-16420,26,61,12928.68672
KE-6420,251,6,622.452
KF-16285,37,40,15164.8685
KF-6285,32,22,3100.152
KH-16330,16,47,15045.6445
KH-16360,1,64,9983.5094
KH-16510,22,65,15340.396
KH-16630,8,45,7220.70456
KH-16690,2,76,18158.4601
KH-6330,19,27,3371.208
KH-6360,100,11,2221.365
KH-6510,15,14,1544.34
KH-6630,326,12,1795.866
KH-6690,238,12,1696.014
KL-16555,15,62,12064.3877
KL-16645,47,67,22553.1085
KL-6555,175,24,2184.06
KL-6645,0,15,1576.296
KM-16225,0,40,7754.5516
KM-16375,2,70,16394.46064
KM-16660,15,56,10785.2626
KM-16720,28,62,14041.02
KM-6225,371,3,891.363
KM-6375,321,11,2124.699
KM-6660,30,5,188.544
KM-6720,349,7,2928.654
KN-16390,19,55,19350.14634
KN-16450,37,54,16294.6981
KN-16705,98,35,5884.778
KN-6390,273,4,318.72
KN-6450,93,12,1767.282
KN-6705,123,11,4830.858
KS-16300,35,39,5103.36318
KS-6300,106,4,221.61
KT-16465,43,69,15725.0362
KT-16480,27,31,6240.6521
KT-6465,105,13,1532.124
KT-6480,84,14,2119.74
KW-16435,26,47,15319.9656
KW-16570,22,58,9256.0553
KW-6435,147,11,427.29
KW-6570,48,13,2577.72
LA-16780,13,66,24273.0019
LA-6780,1,20,3589.44
LB-16735,9,52,12686.03922
LB-16795,39,73,24589.87022
LB-6735,137,11,1897.95
LB-6795,56,15,1796.115
LC-16870,27,55,9859.89236
LC-16885,16,51,17058.8144
LC-16930,41,50,11660.69496
LC-16960,2,35,11812.0975
LC-17050,4,43,12933.87382
LC-17140,13,60,13128.24376
LC-6870,23,11,1220.451
LC-6885,209,18,1828.086
LC-6930,71,17,5080.689
LC-6960,191,15,2487.402
LC-7050,6,15,7193.652
LC-7140,16,11,2954.43
LD-16855,42,58,13361.93258
LD-17005,49,49,11461.65464
LD-6855,80,13,2822.706
LD-7005,43,9,361.686
LE-16810,14,52,10429.2537
LE-6810,63,9,1049.52
LF-17185,22,55,12864.7205
LF-7185,177,6,556.518
LH-16750,12,44,7945.0902
LH-16900,21,52,12098.37728
LH-17020,41,37,8189.7858
LH-17155,75,60,14063.4898
LH-6750,125,6,745.65
LH-6900,306,3,840.792
LH-7020,58,6,973.212
LH-7155,127,12,3228.75
LL-16840,26,43,11287.78406
LL-6840,35,23,3649.152
LM-17065,84,36,9249.383
LM-7065,7,14,6280.47
LO-17170,2,54,11256.3236
LO-7170,4,15,2281.185
LP-17080,40,41,7631.9895
LP-17095,9,62,15598.1516
LP-7080,184,13,1831.338
LP-7095,0,9,1011.36
LR-16915,26,56,22434.08756
LR-17035,45,60,16118.9722
LR-6915,684,9,468.654
LR-7035,106,18,2677.98
LS-16945,27,42,10420.11776
LS-16975,20,48,8646.9157
LS-17200,15,54,15258.74122
LS-17230,4,60,10577.17148
LS-17245,34,45,10758.988
LS-6945,6,21,2726.034
LS-6975,178,11,716.184
LS-7200,383,4,340.656
LS-7230,99,19,1164.348
LS-7245,217,9,953.151
LT-16765,6,50,17253.78294
LT-17110,34,55,12986.77316
LT-6765,8,6,1365.33
LT-7110,55,19,8234.994
LW-16825,22,43,9990.85524
LW-16990,23,37,9111.8495
LW-17125,41,26,5369.269
LW-17215,21,47,10529.49144
LW-6825,32,20,881.754
LW-6990,14,21,1869.771
LW-7125,33,15,2677.341
LW-7215,132,6,1522.014
MA-17560,64,74,10813.79188
MA-17995,42,42,10006.45034
MA-7560,232,8,1628.166
MA-7995,16,17,1928.007
MB-17305,1,48,16729.34532
MB-18085,44,58,14744.23088
MB-7305,22,12,4874.589
MB-8085,11,13,1703.508
MC-17275,44,59,11680.0495
MC-17425,23,61,15055.40518
MC-17575,27,58,14281.65306
MC-17590,51,46,10118.84168
MC-17605,49,54,13019.2019
MC-17635,5,68,21113.5107
MC-17845,1,58,14947.88402
MC-18100,41,58,11353.7466
MC-18130,51,49,8532.703
MC-7275,235,10,4301.043
MC-7425,35,13,1489.851
MC-7575,9,17,3619.188
MC-7590,336,9,1554.06
MC-7605,195,4,208.41
MC-7635,664,12,695.286
MC-7845,34,7,991.728
MC-8100,104,4,659.34
MC-8130,287,8,826.35
MD-17350,26,60,16455.32732
MD-17860,36,47,15575.64874
MD-7350,82,10,1374.198
MD-7860,103,12,6853.512
ME-17320,5,69,24527.029
ME-17725,28,51,7839.8866
ME-18010,42,48,10547.63192
ME-7320,20,15,1720.188
ME-7725,11,21,2083.875
ME-8010,392,1,160.5
MF-17665,51,53,13366.53134
MF-18250,7,75,20425.2996
MF-7665,48,3,161.91
MF-8250,62,11,1517.55
MG-17650,19,50,12717.26968
MG-17680,36,61,16061.6441
MG-17695,0,59,16221.6268
MG-17875,5,59,14452.82062
MG-17890,5,62,13162.2489
MG-18145,2,43,18147.9582
MG-18205,2,54,16362.8956
MG-7650,495,1,301.71
MG-7680,74,22,4298.478
MG-7695,335,15,2104.596
MG-7875,403,2,80.19
MG-7890,373,1,19.128
MG-8145,281,8,5229.114
MG-8205,1,14,1648.944
MH-17290,37,57,13718.69666
MH-17440,8,57,7945.0458
MH-17455,54,42,9974.27472
MH-17620,23,48,11038.31378
MH-17785,0,49,11676.13204
MH-18025,20,40,11753.7025
MH-18115,5,56,12017.105
MH-7290,737,7,1685.34
MH-7440,96,16,3357.78
MH-7455,92,22,4747.371
MH-7620,245,12,1179.666
MH-7785,7,13,1914.834
MH-8025,14,10,1095.426
MH-8115,58,11,1260.702
MJ-17740,21,53,15347.655
MJ-7740,159,7,1136.898
MK-17905,21,57,13202.4489
MK-18160,22,53,10043.3188
MK-7905,149,17,1244.955
MK-8160,40,29,2697.066
ML-17395,0,44,14507.07948
ML-17410,33,55,14981.7043
ML-17755,1,50,14425.1044
ML-18040,7,37,8677.599
ML-18265,100,59,14674.00116
ML-7395,132,13,1049.4
ML-7410,169,5,193.134
ML-7755,26,13,1108.5
ML-8040,44,10,1690.896
ML-8265,8,12,1170.72
MM-17260,4,53,15713.71812
MM-17920,7,67,20383.654
MM-18055,15,49,11163.587
MM-18280,12,36,7134.304
MM-7260,131,13,5510.358
MM-7920,28,11,1350.03
MM-8055,33,17,1924.911
MM-8280,71,19,3586.695
MN-17935,8,45,12870.93412
MN-7935,30,10,2175.33
MO-17500,36,50,10314.4082
MO-17800,6,40,13709.1228
MO-17950,6,24,4527.392
MO-7500,281,7,810.87
MO-7800,14,18,4294.266
MO-7950,98,5,933.192
MP-17470,5,49,12928.8028
MP-17965,27,84,17228.4977
MP-18175,16,65,22045.2528
MP-7470,543,3,58.11
MP-7965,196,10,567.093
MP-8175,90,17,2169.174
MR-17545,97,56,19246.7123
MR-7545,100,20,2325.24
MS-17365,5,68,20317.0067
MS-17530,15,47,13335.04236
MS-17710,29,49,8500.63026
MS-17770,34,66,17382.93504
MS-17830,23,55,11783.3973
MS-17980,26,64,16210.5722
MS-7365,111,11,1365.54
MS-7530,51,16,1456.806
MS-7710,63,12,1529.46
MS-7770,98,7,538.56
MS-7830,4,15,4322.904
MS-7980,6,13,1654.644
MT-17815,49,47,13845.5188
MT-18070,127,53,10920.3999
MT-7815,176,12,1500.588
MT-8070,323,15,6851.922
MV-17485,16,51,10563.3673
MV-18190,19,48,15577.0356
MV-7485,470,6,952.536
MV-8190,7,14,3995.04
MW-18220,17,63,20592.0813
MW-18235,16,59,17933.0609
MW-8220,44,11,2476.497
MW-8235,0,7,1070.772
MY-17380,29,50,14724.1472
MY-18295,0,85,25570.49418
MY-7380,322,6,1745.574
MY-8295,43,23,4072.167
MZ-17335,21,42,14463.9343
MZ-17515,23,55,13383.97684
MZ-7335,112,11,3494.226
MZ-7515,78,22,3193.161
NB-18580,452,17,4875.5984
NB-18655,19,42,9647.2046
NB-8580,428,14,1059.477
NB-8655,110,9,434.616
NC-18340,5,56,13905.34712
NC-18415,39,39,9255.794
NC-18535,6,36,11054.378
NC-18625,20,56,16901.51758
NC-8340,35,20,2707.962
NC-8415,106,10,1503.426
NC-8535,138,14,1250.871
NC-8625,461,3,442.32
ND-18370,12,54,10913.15082
ND-18460,5,44,12061.44172
ND-8370,33,9,2790.234
ND-8460,8,13,2722.98
NF-18385,7,65,28044.3595
NF-18475,6,46,10630.9149
NF-18595,11,35,10535.30152
NF-8385,1,30,3736.899
NF-8475,43,16,2019.006
NF-8595,512,8,1731.936
NG-18355,48,50,9262.72936
NG-18430,27,49,18970.41454
NG-8355,103,16,2746.47
NG-8430,18,16,3749.829
NH-18610,20,63,19181.9263
NH-8610,5,9,2121.522
NK-18490,26,52,11483.193
NK-8490,206,11,2395.35
NL-18310,25,39,10587.3308
NL-8310,575,4,251.322
NM-18445,30,60,20223.2359
NM-18520,19,48,12328.606
NM-8445,33,15,4053.72
NM-8520,158,6,1540.53
NP-18325,1,54,11778.491
NP-18670,58,40,12839.01426
NP-18685,14,54,11363.4332
NP-18700,28,45,14036.4335
NP-8325,15,11,1336.686
NP-8670,226,8,2871.87
NP-8685,114,12,4994.85
NP-8700,37,17,1880.622
NR-18550,2,52,10993.42058
NR-8550,14,16,1898.481
NS-18505,6,66,14834.28974
NS-18640,36,74,14866.087
NS-8505,13,9,962.853
NS-8640,47,18,1771.437
NW-18400,172,60,15326.83306
NW-8400,117,19,7046.736
NZ-18565,85,60,19941.69812
NZ-8565,99,6,328.584
ON-18715,47,63,17763.94824
ON-8715,459,11,1507.758
OT-18730,33,68,19493.76566
OT-8730,242,5,265.05
PA-19060,23,43,6723.23276
PA-9060,177,13,3670.581
PB-18805,8,46,12075.39774
PB-19105,57,35,8087.781
PB-19150,5,54,7907.25556
PB-19210,8,61,18967.662
PB-8805,120,16,2787.672
PB-9105,0,12,1808.208
PB-9150,41,22,3478.443
PB-9210,307,23,5302.197
PC-18745,2,38,10693.49644
PC-19000,21,37,9474.0653
PC-8745,57,10,1246.56
PC-9000,572,11,1160.43
PF-19120,84,66,27993.04966
PF-19165,91,57,16018.8427
PF-19225,2,53,11915.1997
PF-9120,83,21,1882.95
PF-9165,34,10,2007.642
PF-9225,14,15,1474.272
PG-18820,20,67,14635.9446
PG-18895,2,72,13941.6862
PG-8820,30,11,1846.56
PG-8895,299,20,1981.302
PH-18790,57,31,9435.5663
PH-8790,114,10,1746.84
PJ-18835,39,31,13639.502
PJ-19015,19,46,9230.87916
PJ-8835,42,14,801.405
PJ-9015,196,19,6612.66
PK-18910,98,30,7282.58156
PK-19075,8,63,17668.9105
PK-8910,121,9,948.456
PK-9075,494,10,992.784
PL-18925,15,41,14256.7186
PL-8925,49,6,759.21
PM-18940,21,34,12893.5944
PM-19135,12,35,9857.6599
PM-8940,55,14,1448.856
PM-9135,301,11,1429.296
PN-18775,15,50,11370.46522
PN-8775,53,8,1522.11
PO-18850,4,97,25274.4702
PO-18865,0,61,21051.0598
PO-19180,160,52,16753.1715
PO-19195,86,46,10872.01088
PO-8850,127,5,1432.986
PO-8865,352,17,2973.15
PO-9180,29,21,1231.068
PO-9195,33,23,8227.356
PP-18955,54,72,21884.1846
PP-8955,14,7,359.061
PR-18880,25,61,13243.62082
PR-8880,196,11,1085.64
PS-18760,29,58,15926.5494
PS-18970,27,63,18222.40482
PS-19045,20,72,29252.3194
PS-8760,347,8,1706.202
PS-8970,124,5,1395.948
PS-9045,61,10,829.356
PT-19090,6,36,8370.783
PT-9090,2,15,4686.03
PV-18985,8,53,12540.661
PV-8985,144,12,6390.636
PW-19030,7,55,12810.05846
PW-19240,1,48,7186.1398
PW-9030,57,14,1081.002
PW-9240,61,13,1237.53
QJ-19255,25,44,18192.9231
QJ-9255,61,9,387.051
RA-19285,5,49,16816.427
RA-19885,43,63,15435.49908
RA-19915,12,71,20975.19342
RA-19945,1,40,11696.0283
RA-9285,254,39,6226.686
RA-9885,125,12,503.268
RA-9915,139,5,420.66
RA-9945,20,15,2044.587
RB-19330,15,70,18359.76862
RB-19360,20,65,29197.6346
RB-19435,19,52,11618.07552
RB-19465,0,70,17178.4394
RB-19570,20,50,10961.631
RB-19645,150,42,5973.5944
RB-19705,16,29,9288.0836
RB-19795,32,72,19056.88134
RB-9330,112,13,4538.256
RB-9360,93,6,404.508
RB-9435,216,15,3179.154
RB-9465,287,9,3675.24
RB-9570,446,12,586.761
RB-9645,239,3,282.594
RB-9705,149,25,6018.072
RB-9795,30,5,255.288
RC-19825,118,44,7916.6733
RC-19960,22,44,7897.8691
RC-9825,741,1,37.44
RC-9960,112,6,1639.965
RD-19480,0,54,16487.1909
RD-19585,25,69,16315.1079
RD-19660,93,36,12947.9651
RD-19720,21,59,10902.5255
RD-19810,14,56,7091.09996
RD-19900,32,60,13485.748
RD-19930,42,52,9293.58832
RD-9480,47,12,1061.73
RD-9585,35,21,5168.4
RD-9660,27,20,3391.788
RD-9720,58,18,3833.712
RD-9810,53,14,3214.788
RD-9900,92,26,4837.221
RD-9930,28,19,6523.392
RE-19405,28,44,12073.09218
RE-19450,23,36,10660.48524
RE-9405,71,15,1967.403
RE-9450,15,31,5678.703
RF-19345,64,47,13391.2718
RF-19735,1,51,12139.0877
RF-19840,6,66,15077.47568
RF-9345,6,16,3208.026
RF-9735,118,8,950.13
RF-9840,138,12,571.722
RH-19495,24,49,13295.7486
RH-19510,20,43,11599.39296
RH-19555,7,37,8944.311
RH-19600,6,36,4629.69556
RH-9495,96,7,3057.21
RH-9510,700,15,1837.788
RH-9555,26,23,8753.469
RH-9600,173,11,3340.47
RK-19300,85,55,13480.92458
RK-9300,28,9,519.12
RL-19615,120,50,14866.82448
RL-9615,265,15,2420.226
RM-19375,18,48,16077.68112
RM-19675,4,36,11151.9605
RM-19750,16,28,6475.01086
RM-9375,9,14,2239.446
RM-9675,36,11,1715.094
RM-9750,40,9,929.175
RO-19780,35,58,18833.4355
RO-9780,4,21,3080.106
RP-19270,7,58,13725.5769
RP-19390,15,70,16114.9075
RP-19855,21,57,11043.0844
RP-9270,286,16,1274.352
RP-9390,270,21,5935.98
RP-9855,400,15,3569.139
RR-19315,19,44,11765.04038
RR-19525,0,54,15009.2866
RR-9315,232,10,1820.85
RR-9525,89,19,1376.91
RS-19420,76,58,14047.14948
RS-19765,36,39,13582.12128
RS-19870,19,43,7090.95678
RS-9420,33,10,385.44
RS-9765,123,10,1524.15
RS-9870,20,13,1031.436
RW-19540,42,55,19423.6885
RW-19630,77,45,9425.9243
RW-19690,15,47,11200.142
RW-9540,26,13,5698.434
RW-9630,399,3,560.01
RW-9690,98,17,1398.996
SA-10830,10,12,872.676
SA-20830,63,52,15622.37866
SB-10170,26,13,1647.24
SB-10185,78,12,1268.436
SB-10290,191,16,1975.404
SB-20170,2,37,12950.934
SB-20185,74,59,21034.46172
SB-20290,41,37,18538.5328
SC-10020,264,9,476.334
SC-10050,42,21,2311.854
SC-10095,225,16,918.522
SC-10230,194,4,1793.907
SC-10260,141,21,3166.518
SC-10305,16,21,3207.18
SC-10380,275,8,1556.16
SC-10440,92,16,1929.081
SC-10575,373,3,328.02
SC-10680,189,19,6344.79
SC-10695,174,11,1468.899
SC-10725,91,12,2944.494
SC-10770,184,11,2033.208
SC-10800,359,3,89.286
SC-10845,53,5,1368.12
SC-20020,8,60,10579.47
SC-20050,40,69,16813.21902
SC-20095,75,53,25602.61
SC-20230,16,60,20333.868
SC-20260,0,53,9366.1924
SC-20305,29,55,17696.722
SC-20380,30,77,16122.72424
SC-20440,9,40,7677.43526
SC-20575,27,54,9685.4243
SC-20680,21,52,13477.05528
SC-20695,9,63,21931.0435
SC-20725,7,61,13975.42408
SC-20770,40,72,14495.11408
SC-20800,30,42,11321.2786
SC-20845,8,41,9898.62502
SD-10485,40,11,1157.343
SD-20485,15,74,16802.0649
SE-10110,78,7,613.71
SE-20110,9,75,29532.62502
SF-10065,229,17,3861.429
SF-10200,141,20,2633.316
SF-10965,180,13,2476.302
SF-20065,58,34,7395.746
SF-20200,5,53,13019.6294
SF-20965,48,34,6777.6808
SG-10080,369,9,1078.728
SG-10470,128,8,3086.67
SG-10605,233,11,2816.067
SG-10890,400,11,1424.778
SG-20080,3,41,10774.5034
SG-20470,90,51,10730.2773
SG-20605,75,55,10128.53856
SG-20890,16,47,11260.30386
SH-10395,63,6,129.03
SH-10635,158,8,658.98
SH-19975,25,57,10893.50994
SH-20395,23,62,12849.17384
SH-20635,30,47,13546.7458
SH-9975,64,20,8058.147
SJ-10125,294,21,2961.189
SJ-10215,56,14,1359.252
SJ-10500,274,3,454.068
SJ-20125,32,58,10562.092
SJ-20215,28,65,14709.69868
SJ-20500,175,49,12930.791
SK-19990,8,48,10932.97152
SK-9990,30,14,2358.858
SL-10155,166,26,2451.78
SL-20155,29,56,14380.691
SM-10005,104,16,6262.38
SM-10320,76,11,4045.638
SM-10905,132,12,1711.992
SM-10950,104,13,1336.308
SM-20005,147,38,6801.5875
SM-20320,21,39,31125.29496
SM-20905,37,29,6918.4824
SM-20950,25,51,11552.77814
SN-10560,13,18,1480.104
SN-10710,252,6,702.24
SN-20560,71,49,12738.71
SN-20710,44,55,12703.94056
SO-10335,400,9,831.498
SO-20335,29,51,15534.94692
SP-10545,18,4,418.32
SP-10620,139,6,299.568
SP-10650,169,9,770.895
SP-10860,398,4,503.496
SP-10920,107,8,896.391
SP-20545,16,32,6801.1987
SP-20620,5,72,19113.6707
SP-20650,20,37,10377.86844
SP-20860,54,48,12994.59246
SP-20920,6,60,28124.21286
SR-10425,44,7,281.208
SR-10740,21,12,2154.12
SR-20425,8,45,12721.24894
SR-20740,23,53,17220.18
SS-10140,29,16,3491.628
SS-10410,26,17,2348.46
SS-10515,674,5,424.53
SS-10590,28,6,940.38
SS-10875,250,5,556.314
SS-20140,15,68,20138.60304
SS-20410,33,50,15759.48198
SS-20515,0,31,7480.62162
SS-20590,5,55,12181.4264
SS-20875,14,38,4772.1508
ST-10530,95,10,943.26
ST-20530,6,55,14064.01106
SU-10665,48,17,3331.134
SU-20665,4,55,7442.46
SV-10365,183,12,1256.472
SV-10785,21,11,2969.43
SV-10815,8,18,7728.912
SV-10935,11,7,487.746
SV-20365,87,73,22376.44748
SV-20785,22,64,14262.9351
SV-20815,34,44,14575.50118
SV-20935,0,60,15197.6927
SW-10245,22,8,1901.91
SW-10275,49,10,1480.578
SW-10350,100,16,1244.454
SW-10455,7,14,2205.252
SW-10755,43,17,2346.906
SW-20245,12,48,13576.68382
SW-20275,21,58,15564.9667
SW-20350,12,30,6923.24944
SW-20455,7,28,6038.0162
SW-20755,15,89,23321.58
SZ-10035,956,8,1164.15
SZ-20035,13,69,15192.376
TA-11385,8,15,4819.95
TA-21385,18,65,35668.1208
TB-11055,324,5,2355.138
TB-11175,216,9,850.326
TB-11190,114,8,1115.37
TB-11250,1,28,7270.836
TB-11280,156,15,1574.322
TB-11355,14,14,438.162
TB-11400,111,25,3103.323
TB-11520,18,19,3991.521
TB-11595,162,7,752.07
TB-11625,398,17,1810.752
TB-21055,35,71,13671.71072
TB-21175,39,60,16573.5984
TB-21190,49,30,10686.47152
TB-21250,2,61,11830.0907
TB-21280,57,52,10127.01266
TB-21355,54,53,9205.113
TB-21400,25,68,21375.988
TB-21520,30,72,16716.76172
TB-21595,28,39,8437.989
TB-21625,30,52,13266.1971
TC-10980,47,29,3239.064
TC-11145,12,21,3799.926
TC-11295,12,7,730.908
TC-11475,204,18,1907.754
TC-11535,370,10,2214.972
TC-20980,27,59,34218.269
TC-21145,11,63,18419.94306
TC-21295,27,60,19391.8981
TC-21475,1,49,10722.52656
TC-21535,0,45,8888.0601
TD-10995,180,10,780.378
TD-20995,0,48,6924.1875
TG-11310,160,4,714.417
TG-11640,30,16,4906.533
TG-21310,14,59,12305.2316
TG-21640,5,59,13973.7773
TH-11100,253,12,1856.19
TH-11115,119,6,1870.17
TH-11235,230,22,3901.347
TH-11550,389,8,283.83
TH-21100,6,47,13684.8726
TH-21115,43,58,13483.62368
TH-21235,8,45,12896.252
TH-21550,5,47,12808.9063
TM-11010,242,4,300.666
TM-11490,55,25,2063.022
TM-21010,64,51,14158.9626
TM-21490,40,55,13908.8563
TN-11040,54,3,187.35
TN-21040,22,50,9410.26404
TP-11130,139,9,1261.449
TP-11415,641,11,1950.948
TP-11565,103,6,857.37
TP-21130,2,79,22697.57728
TP-21415,48,39,10926.72382
TP-21565,14,62,12429.8013
TR-11325,168,18,2395.716
TR-21325,1,47,10033.18706
TS-11085,219,19,1390.68
TS-11160,105,15,1130.07
TS-11205,307,4,641.646
TS-11340,40,10,1631.316
TS-11370,18,18,4573.584
TS-11430,118,17,5812.08
TS-11505,287,7,2123.946
TS-11610,175,8,2011.14
TS-11655,202,7,452.88
TS-21085,41,41,5395.2094
TS-21160,8,48,6805.942
TS-21205,26,64,13888.62492
TS-21340,8,66,16997.02948
TS-21370,36,57,23201.678
TS-21430,19,52,9532.9166
TS-21505,11,59,17613.4163
TS-21610,20,75,20565.95
TS-21655,84,49,9525.4572
TT-11070,37,3,1572.33
TT-11220,5,12,1826.4
TT-11265,94,22,5049.042
TT-11460,42,13,1649.784
TT-21070,14,61,15673.0639
TT-21220,37,51,13224.56416
TT-21265,1,33,4730.638
TT-21460,12,71,18432.01346
TW-11025,19,12,323.109
TW-21025,41,47,13931.8966
TZ-11445,368,10,745.14
TZ-11580,48,7,403.014
TZ-21445,8,63,14601.6714
TZ-21580,35,41,10455.5278
VB-11745,4,7,783.63
VB-21745,12,38,9961.05
VD-11670,0,18,1230.051
VD-21670,36,49,14754.8714
VF-11715,94,8,602.352
VF-21715,13,41,12000.133
VG-11790,147,7,386.172
VG-11805,135,7,1190.22
VG-21790,110,43,9908.6065
VG-21805,2,54,22573.37116
VM-11685,13,14,858.978
VM-11835,8,7,1270.41
VM-21685,32,54,13708.12232
VM-21835,111,29,2621.817
VP-11730,28,9,432
VP-11760,236,9,1615.662
VP-21730,30,49,11629.269
VP-21760,75,51,16935.5635
VS-11820,22,11,1136.214
VS-21820,138,29,10275.775
VT-11700,30,11,1271.442
VT-21700,7,61,18099.3061
VW-11775,7,9,1253.166
VW-21775,6,57,15785.3774
WB-11850,114,5,182.532
WB-21850,20,79,16704.6612
XP-11865,160,6,1011.798
XP-21865,43,55,11187.1526
YC-11895,99,5,166.299
YC-21895,4,51,19998.0786
YS-11880,4,8,1328.832
YS-21880,9,54,18703.606
ZC-11910,200,1,7.173
ZC-21910,3,84,28472.81926
ZD-11925,3,18,2951.226
ZD-21925,1,36,9479.3444
